{"fillp": {"1": {"1": {"delay": 70.684, "loss": 0.00200389988165639, "tput": 11.95703198612036}, "all": {"delay": 70.684, "loss": 0.00200389988165639, "tput": 11.95703198612036}}}, "fillp_sheep": {"1": {"1": {"delay": 30.287, "loss": 0.0006206321620960686, "tput": 11.71485842181201}, "all": {"delay": 30.287, "loss": 0.0006206321620960686, "tput": 11.71485842181201}}}, "copa": {"1": {"1": {"delay": 573.72, "loss": 0.015212209265040189, "tput": 11.969352417633672}, "all": {"delay": 573.72, "loss": 0.015212209265040189, "tput": 11.969352417633672}}}, "indigo": {"1": {"1": {"delay": 7.433, "loss": 0.0001708005057607931, "tput": 11.754836532319532}, "all": {"delay": 7.433, "loss": 0.0001708005057607931, "tput": 11.754836532319532}}}, "quic": {}, "cubic": {"1": {"1": {"delay": 1640.629, "loss": 0.052973802621381405, "tput": 11.997682333075325}, "all": {"delay": 1640.629, "loss": 0.052973802621381405, "tput": 11.997682333075325}}}, "sprout": {"1": {"1": {"delay": 78.369, "loss": 0.0023992129263874507, "tput": 11.943329195106093}, "all": {"delay": 78.369, "loss": 0.0023992129263874507, "tput": 11.943329195106093}}}, "vivace": {"1": {"1": {"delay": 18.153, "loss": 0.0, "tput": 10.197996510832217}, "all": {"delay": 18.153, "loss": 0.0, "tput": 10.197996510832217}}}, "scream": {"1": {"1": {"delay": 1.621, "loss": 0.0, "tput": 0.21736703306194108}, "all": {"delay": 1.621, "loss": 0.0, "tput": 0.21736703306194108}}}, "vegas": {}, "bbr": {"1": {"1": {"delay": 15.868, "loss": 0.0004004100198603533, "tput": 11.993417834242202}, "all": {"delay": 15.868, "loss": 0.0004004100198603533, "tput": 11.993417834242202}}}, "verus": {"1": {"1": {"delay": 1.531, "loss": 0.0, "tput": 0.000802702320809637}, "all": {"delay": 1.531, "loss": 0.0, "tput": 0.000802702320809637}}}, "pcc": {"1": {"1": {"delay": 2.759, "loss": 5.3140411386931596e-05, "tput": 8.034812506340735}, "all": {"delay": 2.759, "loss": 5.3140411386931596e-05, "tput": 8.034812506340735}}}, "pcc_experimental": {"1": {"1": {"delay": 377.429, "loss": 0.0, "tput": 5.709422029374078}, "all": {"delay": 377.429, "loss": 0.0, "tput": 5.709422029374078}}}, "webrtc": {}, "taova": {"1": {"1": {"delay": 2.638, "loss": 0.0001076416757656018, "tput": 3.8648685249023664}, "all": {"delay": 2.638, "loss": 0.0001076416757656018, "tput": 3.8648685249023664}}}, "ledbat": {"1": {"1": {"delay": 101.045, "loss": 0.003312434975531575, "tput": 11.997966565664939}, "all": {"delay": 101.045, "loss": 0.003312434975531575, "tput": 11.997966565664939}}}}